420-99-4529,Myrtia,Lampke,1995-10-08,Cat
232-58-9737,Nicolina,Fawley,1975-06-05,Hamster
768-09-9667,Venus,Braun,1946-10-25,Dog
568-19-0410,Gustie,Zorzini,1994-02-21,Bird
640-53-0767,Annabelle,Gerren,2009-12-10,Bird
692-88-7499,Fernande,Wilderspoon,1983-02-19,Ferret
821-56-8348,Rosalie,Seagrove,2004-07-09,Dog
681-31-8289,Somerset,Morales,2000-04-09,Hamster
653-92-9020,Abbe,Willmer,1998-01-22,Hamster
760-20-0899,Sly,Fidell,1981-09-03,Dog
564-15-1134,Smitty,Strother,1965-04-11,Hamster
792-08-8607,Reggie,Gras,2011-02-15,Dog
810-48-8917,Dona,Polye,1986-05-28,Hamster
443-01-6622,Shay,Yeoman,1986-11-07,Cat
627-33-1020,Babbette,Lovelock,1988-10-27,Bird
810-63-5388,Malvina,Loveard,1961-07-30,Cat
722-52-0835,Rodrigo,Ketchell,1974-10-23,Ferret
538-63-0999,Nanni,Melpuss,1970-05-02,Dog
284-18-3260,Corinne,Rosborough,1971-02-02,Dog
680-82-3436,Paulie,Howel,1978-09-21,Hamster
200-43-3569,Esta,MacGaughey,1946-07-18,Bird
579-85-0279,Juanita,Attrey,1996-11-02,Ferret
136-61-3897,Bertha,Vogele,2001-03-16,Cat
725-19-9554,Leora,Renac,1946-04-11,Hamster
216-80-5137,Ellsworth,Gregory,1956-12-06,Dog
472-27-6732,Elden,Kinchley,1967-10-12,Ferret
192-77-7008,Gianni,Mulheron,1958-12-02,Ferret
634-07-5847,Keelia,Mandeville,1971-09-29,Hamster
330-51-4167,Kimble,Glandon,1961-08-25,Ferret
869-29-6123,Cherrita,Doody,1961-01-23,Ferret
653-68-3039,Joelie,Pischoff,1975-08-18,Bird
213-64-9540,Hattie,Sullens,1953-01-05,Ferret
380-66-8067,Benji,While,1972-02-06,Hamster
783-70-8944,Bendicty,Hartin,1988-05-05,Dog
555-38-7164,Ware,Beville,2005-04-02,Bird
212-83-1805,Toiboid,Propper,1955-04-02,Cat
582-10-6075,Melvin,Stichall,1969-06-12,Ferret
473-05-5369,Tuckie,Staunton,1958-12-24,Cat
810-29-0887,Dalli,Areles,1980-10-28,Ferret
747-05-4888,Heddi,Landeg,1955-10-13,Hamster
481-10-5979,Jeremias,Witch,1985-05-08,Ferret
272-41-1130,Humfried,Odhams,1959-12-01,Cat
792-41-1438,Willy,Henzer,2012-05-04,Dog
227-56-7957,Talyah,Golagley,2014-03-19,Dog
699-24-6388,Zelda,Abdie,1956-06-02,Cat
799-85-0656,Jocko,Wyrall,1946-04-11,Ferret
857-21-6623,Henry,Klagges,1963-09-16,Hamster
538-89-0442,Talbert,Caughte,1960-03-01,Bird
840-11-7777,Heda,Spurling,1965-05-18,Hamster
552-73-6012,Pablo,Climpson,1989-05-26,Cat
157-01-5259,Ilsa,Baumford,1947-08-30,Bird
702-17-7444,Denney,Millier,1956-05-11,Dog
878-52-3862,Ashlen,Morecombe,1963-03-29,Cat
388-90-3497,Neile,Bemlott,1953-01-09,Ferret
219-12-4585,Norrie,Groom,2010-05-13,Dog
144-21-0536,Cayla,Vlasyev,1951-04-04,Dog
873-24-2713,Philippa,Skipworth,2003-11-18,Hamster
728-17-2211,Mortimer,Maple,1985-05-08,Dog
719-71-6481,Dianemarie,Allewell,1965-12-31,Hamster
687-22-1531,Scottie,Lillecrap,1999-08-13,Bird
888-55-0266,Janeen,Leate,1950-06-02,Hamster
107-03-3963,Georgina,Wogden,1996-07-24,Ferret
315-23-4613,Rey,Bes,1984-06-16,Ferret
353-85-9451,Jenda,Kiehl,2004-12-21,Dog
784-16-9013,Rayna,Tommis,1955-07-04,Dog
310-02-2870,Timmie,Fedorchenko,1950-04-30,Hamster
800-61-3806,Glenda,Langham,1957-06-28,Ferret
721-18-2469,Waldemar,Kernan,2007-09-26,Ferret
868-36-0562,Grissel,McCroft,2002-07-14,Bird
628-74-3646,Esta,Buzine,2000-04-27,Bird
685-34-5525,Kathryne,Mordacai,1999-12-07,Hamster
179-19-6818,Isidora,Tipper,1959-01-03,Bird
685-76-2462,Violetta,Giacomi,2007-05-27,Cat
436-03-4661,Theodosia,Tuley,1946-02-03,Cat
320-87-2811,Hamilton,D'Andrea,2002-12-28,Bird
153-78-1146,Archy,Widdowson,1974-06-02,Dog
473-75-1234,Keelby,Clacson,2005-02-04,Hamster
791-70-4681,George,Asche,2010-10-10,Cat
211-15-3913,Willow,Lope,1969-06-14,Dog
383-49-4550,Dory,Rigmand,1961-03-21,Dog
185-53-4112,Stanfield,Pow,2009-05-27,Ferret
851-37-4894,Micheil,Jesteco,1961-01-09,Bird
744-33-2427,Meghan,Durtnell,2004-06-16,Bird
801-56-4912,Gayler,Paulon,1988-12-06,Hamster
200-18-1651,Georgeanna,Cheevers,1986-10-30,Hamster
230-32-6641,Christoffer,Vlies,1981-05-23,Hamster
492-93-9414,Daffi,Djakovic,1949-03-27,Bird
374-83-4204,Farand,Shutt,2008-04-03,Ferret
480-48-7682,Nadeen,Brastead,1984-04-02,Ferret
495-31-2658,Conny,Barthelemy,2000-03-13,Dog
160-44-5574,Karel,Mycroft,1994-10-27,Dog
720-07-2881,Noelani,Manhood,1957-02-01,Ferret
643-77-6359,Adriaens,Shapiro,2007-11-16,Cat
831-86-2447,Bevan,McKall,1997-01-27,Cat
880-06-4380,Alissa,Cuphus,1959-11-16,Hamster
393-99-2446,Caesar,Zorzetti,1966-10-21,Ferret
821-85-3890,Freddy,L'Episcopio,2001-08-03,Dog
202-48-4239,Ritchie,Broadwell,1957-04-28,Dog
848-12-6093,Sebastien,Watting,1997-08-08,Cat
859-75-0057,Claudie,Curless,1947-01-25,Dog
562-56-5492,Igor,Beauvais,1985-04-22,Cat
650-37-4306,Sibby,Seer,1969-12-10,Hamster
878-03-5371,Lolita,Blanch,1955-03-01,Hamster
621-44-6637,Cathe,Ilott,1955-01-16,Cat
885-94-7122,Gypsy,Jagiello,2001-09-11,Hamster
599-28-2257,Sarita,Van der Krui,1954-11-29,Hamster
681-71-5367,Kelby,Spellessy,2012-10-20,Cat
276-77-6509,Pavia,Beloe,2014-09-02,Hamster
805-55-7154,Shani,Paslow,1954-01-12,Bird
828-52-9681,Michel,Lawful,2008-12-21,Ferret
366-16-8115,Clem,Marshfield,1965-07-01,Ferret
466-34-0784,Tally,Vowell,1980-06-05,Dog
539-02-1269,Guillermo,Eustice,1970-02-10,Cat
653-52-4788,Iolande,Mingaye,1971-07-21,Dog
274-20-8904,Marcel,Gaskill,1974-12-19,Ferret
537-18-2665,Chantal,Pimblotte,1986-03-25,Cat
407-99-6050,Margeaux,Shorton,1965-10-28,Bird
851-78-0706,Louise,Willmont,2008-04-08,Hamster
763-06-4599,Hermy,Fairbanks,1961-12-09,Cat
257-88-4139,Neala,Hyett,1965-09-25,Bird
605-35-4598,Jenni,Petyakov,1965-05-02,Ferret
414-52-8507,Peri,Fevier,1992-01-04,Ferret
843-84-2017,Lisetta,Vettore,1989-10-07,Ferret
781-58-0794,Jackelyn,Borrel,1974-07-23,Hamster
572-32-3920,Austine,Velten,1951-03-04,Ferret
278-49-4217,Lainey,Beardall,2002-08-08,Cat
706-96-7541,William,Basill,1964-12-12,Bird
225-12-4021,Licha,Lawrie,1946-08-25,Dog
214-46-3362,Nesta,Delaney,1993-10-04,Bird
823-71-5517,Eachelle,Boays,1947-07-16,Ferret
896-29-2417,Mahmoud,Revans,2015-06-10,Bird
430-60-4084,Veronike,Wace,1987-01-15,Dog
298-67-5981,Nata,Muzzillo,1994-04-17,Ferret
424-46-9423,Domenic,Tyrer,1961-04-13,Bird
226-89-2863,Jewell,Clausen-Thue,1990-11-24,Hamster
302-71-1547,Lorilee,Deerness,1953-03-10,Ferret
240-92-4808,Noemi,Astlett,2013-06-20,Hamster
166-95-4538,Nananne,Havik,1960-07-02,Dog
586-26-4855,Jack,Cossom,2010-03-01,Cat
153-16-7294,Wilfred,Peyntue,1968-09-27,Dog
329-68-2269,Devondra,Cuthill,2002-09-13,Ferret
203-82-8314,Margarete,Conklin,1974-05-21,Bird
771-95-2986,Reginauld,Boughtflower,1954-06-06,Dog
755-99-6256,Cristy,Woolward,1994-04-19,Hamster
208-82-4548,Benedetto,Jaycock,2013-08-14,Hamster
526-25-1048,Mimi,Errowe,1983-11-22,Bird
262-76-4622,Waite,Conti,2005-07-25,Dog
715-21-1149,Kippar,Hebson,1968-09-07,Cat
801-45-0971,Mandel,Exrol,1971-08-08,Hamster
446-74-8987,Willow,Wych,2005-12-20,Dog
121-94-3821,Christopher,Kiefer,1994-07-02,Ferret
106-79-7784,Anna,Stanworth,1972-03-19,Cat
227-95-0401,Hollis,Eastmead,1970-12-06,Cat
300-42-4031,Auberon,Amorts,1988-03-14,Hamster
303-40-9637,Tobe,Sokell,1963-04-13,Hamster
793-98-7959,Pacorro,Vossgen,2011-05-07,Cat
481-13-3047,Davine,Woolland,1956-06-20,Cat
651-69-9090,Kevin,Coldbreath,1973-04-16,Cat
787-38-0775,Seth,Davidi,1964-01-22,Bird
785-79-8909,Bernadina,Colcomb,2015-06-04,Cat
872-54-1299,Lyman,McCahill,1971-06-21,Dog
595-60-8461,Serge,Kennard,1948-09-22,Dog
883-71-9524,Henrietta,Corkan,1987-05-14,Hamster
598-65-5567,Fabien,Gavrieli,1963-05-25,Dog
184-15-3723,Mar,Hopewell,1963-05-16,Bird
464-90-3712,Annelise,Gotthard.sf,1999-08-15,Bird
222-81-6060,Daphna,Skentelbury,2004-05-02,Ferret
254-71-2071,Beverlee,Dran,1957-09-25,Ferret
266-67-4021,Mathian,Basler,1966-09-23,Dog
584-66-1568,Tye,Ochiltree,1970-07-17,Bird
155-30-3380,Tanitansy,Hamflett,1969-03-28,Ferret
874-85-3959,Riccardo,Millward,1981-04-23,Hamster
492-18-3311,Leone,Deavall,1993-04-08,Bird
613-34-1707,Orland,Lyte,1972-12-09,Hamster
851-02-0521,Ester,Streetley,2008-11-15,Hamster
865-90-8740,Brande,O'Towey,1977-12-31,Cat
868-45-0509,Leontine,McAlindon,1956-06-14,Dog
342-56-2121,Nevil,Noton,2011-07-21,Cat
886-11-5530,Domini,Lequeux,2013-05-30,Ferret
831-38-9262,Angeli,Howlett,1976-10-28,Ferret
228-57-0480,Lorine,Lear,1983-10-19,Dog
177-15-4937,Jada,Myrie,1973-05-03,Bird
163-18-1457,Sammy,Skaif,2010-03-13,Bird
245-13-1984,Madlen,Jurasz,2006-05-20,Ferret
342-15-3815,Dalston,Risom,1947-02-28,Ferret
477-15-5433,Liane,Spurret,1966-07-18,Ferret
159-01-6214,Bartlett,Brazel,1989-08-05,Bird
337-32-0055,Garrot,Twelvetree,1986-01-05,Bird
557-22-2324,Lucita,Hewell,1977-04-12,Hamster
469-66-0411,Lovell,Coope,2006-04-30,Ferret
216-04-2935,Emlen,Cuskery,2014-06-02,Hamster
155-23-7841,Dilan,Grahl,1996-10-23,Dog
743-89-8740,Sol,Sydes,2014-02-16,Ferret
272-73-9076,Suzie,Vogel,1998-06-19,Dog
113-94-1809,Cristian,Darnbrough,2002-11-21,Cat
567-66-2583,Lisetta,Wrightham,1956-03-09,Bird
416-60-5410,Betteann,Denness,1999-02-22,Cat
259-88-0337,Joey,MacRury,1983-01-28,Dog
451-01-6440,Rory,Mosedale,1996-12-26,Hamster
365-21-4739,Fowler,Ales0,2004-05-15,Dog
265-60-7558,Charlena,Bloor,1954-06-28,Bird
183-24-3400,Donn,Silversmid,1970-10-25,Hamster
109-80-4424,Guthrie,Jeskins,1960-07-06,Bird
661-11-9128,Kendell,Cullrford,1999-10-05,Ferret
311-14-8347,Johann,Anstiss,1976-09-26,Bird
448-63-6568,Celie,Cuncarr,1998-03-25,Ferret
524-26-2573,Odele,Faunt,1948-07-13,Bird
108-12-0744,Avictor,Batten,1952-11-26,Hamster
648-12-5515,Rivi,Godard,1962-10-07,Cat
394-63-2328,Danni,Parffrey,1996-07-26,Bird
153-84-0827,Dinah,Brome,1990-09-12,Bird
119-32-7327,Arron,Sherrell,1953-09-14,Hamster
596-56-6933,Herc,Thackeray,1986-12-16,Hamster
775-72-9732,Marrissa,Rait,1998-11-22,Cat
449-14-3625,Alard,Gelling,1992-04-08,Bird
538-22-3582,Marve,Carnachen,1963-08-01,Bird
414-63-9999,Emmey,Grinnikov,1993-09-07,Hamster
734-54-1360,Roslyn,Crosio,1959-12-03,Dog
856-73-4496,Cary,Neath,2000-06-10,Dog
233-43-5005,Trent,Peltz,2012-04-11,Dog
139-81-8420,Masha,Morilla,1957-11-06,Bird
889-07-3236,Townsend,Arpur,1972-05-02,Bird
657-83-9920,Juliette,Waterhouse,1965-01-14,Bird
653-38-2072,Reginauld,Beri,1965-01-28,Bird
859-08-4875,Leelah,Garraway,2003-10-28,Bird
884-41-3766,Tessi,Belamy,1973-08-09,Hamster
361-94-7886,Gianna,Nelhams,2008-06-22,Hamster
731-29-8072,Karly,Hansmann,1954-07-19,Ferret
780-34-4480,Delainey,Lister,2014-05-12,Bird
307-51-0896,Buffy,Castaner,1952-02-28,Cat
829-33-8638,Lydia,Loads,1994-10-14,Bird
735-48-8309,Emogene,Sanham,1967-06-19,Ferret
286-61-5785,Arliene,Hellyer,2012-10-28,Cat
193-94-4378,Nertie,FitzGeorge,1998-09-30,Dog
339-78-4015,Hope,Rousell,1984-07-24,Ferret
884-84-2435,Farlay,Ivashin,1967-07-29,Dog
345-97-0386,Deena,Squibe,1960-09-26,Dog
528-37-8029,Mannie,Wimms,2001-06-14,Hamster
443-72-2635,Maryl,Harflete,1950-10-22,Hamster
687-26-0158,Taber,Briggs,2007-08-30,Dog
795-38-8994,Ingaberg,Gilardone,1988-04-14,Hamster
558-47-1995,Gisella,Joblin,2006-11-05,Ferret
283-85-5854,Farrell,Cassin,2003-01-31,Bird
734-84-6533,Rania,Tolle,1969-01-29,Bird
872-17-6500,Beryle,Blennerhassett,1976-03-07,Bird
265-70-2684,Sandye,Duetschens,1968-04-11,Ferret
845-77-2080,Kassey,Eastham,2012-03-27,Dog
559-10-8205,Lorette,Lias,1962-07-25,Dog
289-68-9438,Gerrie,Horry,1987-10-26,Bird
863-32-8386,Jone,Sandyfirth,2003-08-22,Ferret
592-92-6245,Carmencita,Hardcastle,1954-08-08,Bird
103-73-5899,Dianna,Manvell,1949-09-23,Dog
739-46-5820,Hollie,Ilett,2004-10-31,Dog
844-15-0293,Philippine,Konzelmann,2012-12-31,Bird
200-53-7820,Emilee,Gyurko,2004-09-27,Hamster
285-04-0997,Sari,O'Shee,1979-08-01,Bird
526-23-4586,Stephen,Cranton,2004-03-15,Bird
870-73-8650,Kiele,Drewe,1973-04-20,Hamster
242-61-6932,Hermina,Seebright,1989-04-29,Cat
110-59-1136,Gerrie,Setford,1953-04-20,Cat
116-79-9721,Colette,Cure,2007-03-03,Ferret
611-59-8585,Joyan,Oatley,1998-04-23,Dog
360-95-6990,Tamar,Rockingham,1953-08-02,Cat
123-79-8674,Danika,Charity,2010-06-08,Ferret
462-92-2780,Berta,Gerrelt,1996-02-02,Cat
477-36-1719,Agata,Lackeye,1954-05-02,Dog
599-04-7580,Barde,Kightly,1964-10-30,Ferret
279-71-8136,Sunny,Stuchbury,2012-06-02,Dog
787-76-5459,Doris,Greatbatch,1995-05-10,Bird
705-29-9050,Wood,Bearne,2012-07-05,Bird
408-37-1004,Sandra,Capron,1949-02-11,Dog
267-55-9737,Allene,Challes,1984-05-19,Dog
377-19-1887,Ross,Scholar,1947-09-07,Cat
555-55-7365,Bunnie,Cunrado,1982-04-16,Hamster
450-39-2953,Janetta,Rabbage,1991-10-21,Bird
570-55-8904,Bette-ann,Skinley,1947-04-12,Cat
758-75-4194,Kayla,Cuseick,1954-06-10,Bird
891-15-0276,Pepito,Oakshott,1969-03-07,Ferret
691-82-0092,Becka,Allard,1989-10-04,Hamster
166-73-6051,Andre,Reimer,1983-04-10,Bird
632-25-4800,Stephenie,Whitlock,1995-01-30,Hamster
663-93-5199,Gwenni,Bouda,1958-07-16,Bird
590-04-7601,Raleigh,Godsmark,1981-03-19,Hamster
184-38-5693,Raychel,Audiss,1988-09-10,Cat
842-96-7752,Hubey,Baniard,1955-06-23,Cat
229-73-6043,Augustus,Salvador,1965-04-26,Hamster
200-83-0535,Sid,Weddeburn - Scrimgeour,1946-07-13,Bird
446-63-5331,Reilly,Kilian,1989-07-13,Dog
657-38-8042,Dominik,Romayne,1982-01-25,Cat
546-93-1726,Lazar,Pammenter,1949-10-07,Bird
193-28-2643,Lauretta,Drought,1990-03-14,Ferret
152-95-1028,Sabina,Harwood,1978-06-10,Ferret
495-90-4223,Edgardo,Balogh,1975-11-09,Dog
533-13-5163,Brendis,Ricciardo,2011-05-18,Dog
684-83-9757,Stefanie,Vallow,1986-08-27,Cat
142-74-8881,Gilemette,Moyser,1958-08-10,Cat
434-88-3951,Fidole,Djakovic,1972-12-30,Hamster
720-27-8619,Marena,Line,1993-02-10,Hamster
485-22-3215,Shurlock,Mangion,1977-07-02,Bird
115-05-7974,Justen,Leamon,1981-11-13,Hamster
130-96-2384,Darryl,Nardi,1980-06-27,Dog
122-15-5373,Rosanna,Morando,1989-01-12,Ferret
192-92-3642,Sherie,Grigorini,1946-12-26,Dog
808-67-4449,Holly-anne,Sothern,1993-06-06,Cat
872-09-8139,Pammie,Burnand,1989-08-12,Cat
667-18-9257,Marthena,Skally,1954-06-21,Ferret
223-08-1372,Carolyn,Michel,1950-01-12,Hamster
292-93-5062,Carola,Newling,1972-05-06,Ferret
241-62-7458,Janos,Iskov,2011-09-30,Hamster
574-94-1832,Shay,Lujan,1962-10-19,Bird
269-03-1233,Ozzy,Rochester,1951-01-22,Hamster
599-85-7594,Veradis,Elms,1993-01-30,Dog
579-42-5711,Oliy,Brinson,1967-10-10,Hamster
473-38-7759,Davis,Gofforth,1981-03-14,Hamster
693-29-3124,Palmer,Stuehmeier,2000-08-04,Cat
718-79-9062,Stephine,Titchen,1975-11-15,Cat
568-01-1749,Gabriella,Hawkswood,1989-08-28,Bird
154-64-0435,Hastings,Cordingly,1989-04-19,Cat
320-63-4566,Bart,Spurgeon,1976-03-22,Cat
716-91-0895,Patience,Masson,1977-10-02,Dog
357-48-9657,Kelcy,Farloe,2002-11-19,Bird
590-44-0450,Tamra,Jones,2000-06-20,Hamster
115-93-3392,Netti,Hendin,1986-10-09,Hamster
449-43-3034,Adam,Gabrieli,1988-09-08,Hamster
225-71-7568,Kathryn,Spoors,1990-04-09,Bird
745-86-2995,Ricky,Gracey,1954-09-12,Dog
421-13-9675,Genevra,Proschke,1982-04-28,Bird
542-13-7351,Samara,Herculson,1999-08-18,Bird
476-95-7790,Iseabal,Gobourn,1955-01-22,Ferret
884-69-4444,Chloe,Betancourt,2010-01-03,Ferret
579-15-7319,Charley,Adrienne,2012-09-23,Ferret
700-67-5889,Georgianna,Eveling,1974-04-14,Hamster
870-75-5026,Corena,Hysom,1995-02-12,Dog
512-12-1197,Tilly,Wink,1994-10-06,Ferret
777-04-9250,Fielding,Philipart,2012-06-28,Cat
368-48-7146,Aloin,Eskriett,1997-05-08,Cat
196-59-2864,Prince,Vivash,1954-08-06,Dog
320-07-7847,Wilbur,Egle,1952-07-06,Ferret
751-85-1186,Dorie,Flooks,1966-09-08,Dog
555-36-1972,Beth,Fronek,1986-06-20,Hamster
862-07-8097,Rivalee,Poytress,1963-04-05,Bird
262-28-5023,Fredi,Anders,1984-04-09,Cat
715-39-2601,Galina,Canet,1961-09-08,Ferret
636-48-8374,Arny,Saintsbury,1971-12-28,Bird
671-96-6142,Claybourne,Neave,1969-07-08,Ferret
353-12-7790,Katina,Burn,1952-02-10,Cat
652-96-0362,Orson,Morch,1957-11-09,Ferret
193-31-9215,Mathe,Pinchen,1989-11-15,Ferret
307-99-2873,Elli,Deakin,2010-11-11,Bird
211-02-4240,Flynn,Ugo,2006-08-31,Hamster
538-03-8371,Gennie,Stallworthy,1989-05-28,Ferret
899-14-3670,Hayyim,Triswell,1981-05-16,Dog
237-96-9458,Patty,Flewett,1952-07-01,Hamster
738-93-6711,Carena,Aberdein,1964-04-23,Ferret
750-29-4064,Leanora,Boone,1971-06-11,Bird
320-79-5265,Susanne,Swetland,1992-03-06,Dog
645-12-3709,Eamon,Greenshields,1969-01-23,Ferret
797-45-6686,Erin,Espinay,1977-01-09,Bird
574-53-2625,Becka,Kinch,2000-06-03,Hamster
332-68-8073,Zechariah,Bresman,1984-04-17,Ferret
166-53-5793,Dom,Simms,1999-07-30,Ferret
237-86-6771,Adaline,Knightley,1954-09-09,Ferret
414-43-7555,Roberto,Mardle,1972-12-19,Ferret
867-79-6882,Abe,Edelmann,1967-11-16,Hamster
693-58-2973,Cly,Raxworthy,2008-06-25,Ferret
315-83-2192,Ethe,Gurdon,1992-08-11,Dog
816-02-0335,Michele,Chatainier,2005-05-10,Bird
345-26-4987,Willey,Wintour,2001-06-28,Cat
270-19-8202,Lonee,Fawdry,1993-01-03,Dog
447-72-8489,Caresa,Gwilliam,1967-03-19,Dog
608-27-9153,Glennis,Lowle,1966-03-26,Ferret
775-71-7871,Sumner,Perell,1955-06-15,Cat
356-36-1000,Ely,Perillo,1977-03-19,Hamster
463-60-3715,Cullin,Sporrij,1989-04-09,Bird
129-30-8218,Wynne,Bussel,2014-09-29,Hamster
586-70-8413,Duane,Pardy,1983-12-16,Ferret
817-16-0836,Lemar,Choke,1963-07-07,Bird
320-28-1848,Maurene,Cooley,1967-07-17,Bird
213-46-6339,Kaitlynn,Cund,1948-01-04,Dog
252-20-6310,Artair,Slator,1978-11-30,Hamster
685-93-7771,Lianne,McNickle,1957-12-10,Dog
830-55-2561,Karen,Gulston,1953-06-09,Dog
802-83-3659,Tarah,Beche,1994-04-19,Cat
588-67-0788,Regen,Bounds,1953-08-17,Cat
692-21-7706,Ario,Assiter,1962-05-12,Hamster
885-96-6866,Astrid,Duddy,1995-06-01,Dog
136-74-0098,Laurene,Honniebal,2015-06-21,Ferret
471-64-3522,Olive,Primo,1945-09-01,Hamster
424-71-0273,Mohandis,Botfield,2012-05-15,Hamster
581-03-7548,Irwin,Bannard,2006-04-02,Ferret
780-66-0723,Clari,Robecon,1963-07-18,Dog
485-26-1655,Darcy,Lettson,1984-09-24,Hamster
352-33-6487,Dare,Markwick,1981-12-31,Cat
610-86-8756,Ranique,Sloane,1983-04-10,Ferret
388-48-2778,Tracy,Rowesby,2011-07-20,Ferret
456-06-4633,Wylie,Castledine,1980-01-20,Hamster
675-24-5065,Danyelle,Labbett,1998-02-26,Dog
163-85-4209,Ash,Lambden,2005-11-14,Hamster
410-67-9965,Ezekiel,Pettis,2014-10-28,Hamster
296-04-3842,Christean,Brantzen,1971-08-27,Ferret
579-58-9773,Deloris,Timmins,1995-03-15,Cat
223-30-8373,Nikoletta,Sate,1985-07-25,Cat
389-18-7681,Dominik,Mandel,1957-11-10,Bird
161-60-6333,Peadar,Sparks,1958-06-28,Cat
361-29-6303,Haily,Anstey,1983-10-22,Ferret
791-78-7988,Shaw,Trembath,2002-04-02,Dog
157-47-6905,Carlita,Lavallie,1974-05-31,Cat
242-66-6755,Kassi,Rossant,1946-06-06,Dog
634-48-3098,Brandise,Gerwood,1992-09-28,Cat
350-67-1711,Jenifer,Girauld,2012-05-16,Hamster
410-43-3632,Kale,Golley,1997-06-16,Hamster
327-54-5530,Melony,Faircley,2007-12-03,Bird
439-44-9091,Franz,Bailes,2013-12-28,Hamster
469-31-0150,Jasmin,Haston,1978-08-29,Cat
215-97-4574,Latashia,Rodmell,1967-09-18,Bird
664-35-6470,Benetta,Mowbray,2014-02-23,Cat
311-85-8703,Christan,D'eath,1976-12-27,Bird
530-33-2060,Whitney,Di Batista,1970-05-05,Ferret
697-71-5479,Beulah,Tofano,1963-10-09,Cat
150-25-2280,Rhett,Vondracek,1975-07-03,Hamster
186-03-1117,Andeee,De Morena,1960-09-06,Cat
344-93-1851,Clarisse,Thomazet,1999-01-14,Hamster
375-13-9131,Rodolfo,Peery,1973-05-02,Bird
266-05-1062,Lucian,Rablan,2006-12-24,Ferret
817-46-2736,Iver,Burvill,1955-08-23,Ferret
111-21-5007,Waly,Bollis,1968-04-24,Dog
562-36-3504,Aile,Bunson,2005-11-17,Bird
724-32-3391,Francois,Konerding,1987-07-11,Cat
557-65-6894,Pyotr,Houdmont,1966-10-16,Dog
301-91-2570,Hope,Pilkington,1999-03-12,Hamster
567-63-8596,Joyan,Fritschel,1983-03-09,Bird
622-70-9481,Jessalyn,Ciccotti,1998-01-26,Ferret
149-52-2342,Willy,Cabedo,1993-05-29,Bird
528-12-1410,Elke,Muscat,2001-09-09,Ferret
837-27-2066,Imojean,Hancock,1956-01-25,Cat
560-82-9147,Ogdon,Arkow,1961-08-20,Bird
848-32-4524,Abbey,Gudeman,1997-10-06,Bird
121-19-6101,Shawn,Riping,1988-05-23,Dog
374-07-5925,Gizela,Coom,1973-11-10,Cat
752-62-1708,Emelina,Trownson,1991-05-01,Cat
801-57-3629,Felicio,Klein,1949-09-04,Hamster
249-50-0955,Dallon,Bushrod,1956-01-22,Cat
758-14-5667,Maurita,Towler,2009-07-12,Cat
159-20-3760,Cesar,Salery,1986-09-11,Dog
823-63-3882,Elias,Whitelock,1975-09-25,Bird
437-36-2449,Trula,Abele,2001-04-04,Dog
467-28-3945,Dame,Pallister,2001-09-18,Cat
290-60-7937,Aloysius,Spikeings,1996-01-26,Hamster
322-45-2817,Sunshine,Schott,1955-04-06,Ferret
137-93-1035,Bekki,McGroarty,1946-07-19,Cat
526-27-5673,Saxe,Wainscoat,1983-03-15,Ferret
824-38-1003,Rebeca,Buick,2004-11-11,Hamster
787-14-4443,Antonella,Leaney,1990-09-03,Dog
287-17-8381,Joelle,Kempton,2006-10-09,Bird
142-81-6011,Zenia,Gregori,1947-07-13,Dog
882-82-0692,Kim,Nelthorpe,2001-12-03,Ferret
618-54-7664,Norina,Tett,1992-07-22,Dog
246-88-5198,Tobe,Grogono,1946-06-29,Bird
328-26-8356,Niles,Bretelle,1949-05-18,Cat
273-18-1871,Miof mela,Donett,1970-05-24,Cat
551-89-7245,Danica,Serrier,1982-05-27,Dog
813-44-3374,Joanne,Cordeau,1967-08-22,Cat
500-02-7044,Kassia,Palmar,2003-08-21,Bird
759-83-3371,Hendrick,Haxley,1956-05-06,Cat
461-24-0480,Katherine,Lipsett,2005-01-19,Ferret
724-73-2304,Garik,Bacup,2010-05-19,Hamster
357-35-9136,Cody,Tamsett,1974-06-06,Dog
677-05-4385,Johnathan,Clemont,1967-09-23,Bird
698-10-5290,Dorine,Hutton,1986-04-27,Bird
303-55-6714,Mandie,Paddington,1993-04-20,Dog
838-16-3138,Myer,Jorczyk,1948-03-29,Dog
170-60-4310,Wadsworth,Nicol,1966-10-22,Bird
170-87-2185,Edwina,Adair,1956-03-06,Hamster
232-57-2898,Baron,GiacobbiniJacob,1960-06-04,Hamster
678-40-7061,Milka,Swaton,2011-02-02,Bird
481-76-0536,Skipper,Smolan,1989-01-10,Dog
637-69-8023,Sigmund,Faraker,1986-05-06,Ferret
526-71-2814,Cam,Latham,1999-06-04,Bird
393-53-3022,Veriee,Krier,1967-10-20,Hamster
459-50-0685,Catarina,Lockley,1988-11-12,Hamster
596-55-2988,Christian,Trebble,1984-08-24,Hamster
112-75-7872,Emlyn,Stainton,1950-07-05,Hamster
596-50-9509,Massimiliano,Wheelton,1971-01-06,Cat
582-80-1229,Yancy,Coneley,2003-08-29,Hamster
542-71-5640,Teriann,Pineaux,1964-10-24,Hamster
883-96-5505,Elbertina,Rock,1979-05-14,Ferret
313-40-9526,Clemmie,Eddy,2009-02-10,Ferret
241-93-6263,Melina,Stemp,1983-08-05,Ferret
672-20-9631,Loralie,Lupton,1985-05-22,Hamster
658-99-1568,Buffy,Gillibrand,2000-12-11,Dog
311-25-7479,Locke,Cabotto,1968-02-11,Dog
113-65-5590,Shaun,Ransley,1995-07-26,Cat
310-25-6283,Amalia,Klaggeman,2000-12-24,Dog
196-21-5798,Swen,Dmitriev,1972-09-08,Cat
630-68-4562,Faulkner,Tape,1966-02-23,Hamster
325-44-2285,Elfie,Glanvill,1991-02-28,Cat
768-99-2532,Christy,Janks,1967-02-26,Cat
518-75-0798,Kriste,Bavage,1998-11-15,Bird
626-12-4062,Mame,Burnyate,2005-07-24,Dog
234-94-8750,Patrizia,Stuke,1994-05-02,Dog
332-81-9316,Waiter,Shory,1957-07-30,Ferret
867-08-0429,Amabelle,Burgher,2001-02-28,Cat
305-65-6591,Parry,Bernardo,1976-04-13,Ferret
686-45-9011,Wiatt,Camfield,1977-11-21,Hamster
283-63-9502,Fidelio,Fiddymont,2011-10-30,Cat
343-72-3778,Ibrahim,Floch,1988-08-12,Cat
295-95-9962,Doralynn,Pendock,1947-11-29,Ferret
782-64-2249,Delainey,Chotty,1961-07-05,Ferret
345-37-7170,Hi,Killock,2004-05-14,Cat
805-14-1472,Saundra,Colicot,1973-07-21,Cat
793-78-0735,Celestina,Sillito,2002-10-01,Hamster
692-26-4379,Agace,Cavil,1975-07-30,Hamster
553-68-1567,Cathi,Canter,1959-09-01,Ferret
840-17-2865,Arlie,Standbridge,1974-06-03,Ferret
572-04-2230,Cammie,Mannin,1975-08-21,Bird
228-73-4253,Alfy,Peert,1952-02-19,Dog
509-41-9874,Cordey,Gosse,1984-01-25,Ferret
358-63-5120,Wood,Kemshell,1967-02-04,Hamster
190-03-1767,Artie,Flea,2001-05-15,Dog
218-75-0767,Ive,Watkiss,1977-05-06,Cat
639-31-5373,Vida,Blunsom,1951-11-23,Cat
871-86-2339,Sadella,Sendall,1995-10-08,Ferret
153-69-8818,Lynette,Rowcastle,1976-05-24,Hamster
538-83-1249,Kinsley,O'Tierney,1994-10-08,Cat
520-85-2352,Thibaut,Motherwell,1956-07-08,Bird
322-20-8970,Vinnie,Wetherburn,1972-04-26,Ferret
540-59-4199,Yehudi,Tripett,1971-02-06,Ferret
811-24-1873,Sari,Kabsch,2003-01-03,Cat
316-88-8200,Tedi,Gun,1990-02-17,Cat
333-68-1107,Augusta,Chadbourne,1962-05-13,Dog
147-75-6414,Sherline,Ferraro,2003-12-05,Ferret
624-73-5061,Merilee,Alchin,2014-04-10,Ferret
803-95-3833,Yance,Glanert,2010-02-28,Cat
841-37-5285,Angelita,Keddie,1972-04-06,Dog
431-94-4419,Kalina,Habbin,1974-09-29,Hamster
807-98-8547,Jamie,Gantlett,1997-10-16,Dog
120-58-9532,Hart,Godsmark,1950-11-19,Dog
270-60-8029,Nadine,Muslim,1956-08-28,Cat
644-81-2211,Borden,MacNamee,1995-01-25,Cat
465-99-7465,Abelard,O'Hare,1976-03-13,Hamster
155-38-5036,Dianne,Furminger,1997-11-23,Bird
705-63-3528,Artus,Arnely,1993-02-17,Cat
482-42-1282,Emelita,Carlsson,1948-05-17,Ferret
420-07-5803,Jocko,Salvidge,2015-01-07,Dog
795-92-8349,Stephi,Manntschke,1952-10-28,Hamster
180-12-1913,Ashlee,Vlasov,1961-10-28,Ferret
714-86-6258,Henrieta,Coils,1967-03-18,Hamster
375-46-0372,Frannie,Scanterbury,1972-12-07,Cat
810-53-3981,Pansie,Simmank,1990-11-11,Cat
395-42-6946,Yelena,Garfit,2000-07-15,Ferret
133-25-5512,Brennan,Grain,1980-05-28,Dog
796-52-4198,Michele,Vasin,1973-12-27,Ferret
338-12-3400,Kayne,Sexstone,2013-12-04,Bird
558-74-6560,Reeta,McGaugie,2011-08-18,Bird
850-76-9732,Bentley,Tigner,1949-06-25,Hamster
253-75-0285,Letti,Odhams,1997-01-24,Hamster
149-73-3248,Freeman,Akehurst,1984-10-18,Bird
828-61-7494,Hall,Raimbauld,1979-01-31,Ferret
358-86-3356,Faber,Cottrill,2008-04-17,Cat
410-04-6262,Duky,Trusse,1948-12-07,Ferret
145-62-4977,Pegeen,Cordeux,1959-09-19,Bird
837-59-4759,Silvain,Elt,1968-08-14,Cat
586-89-0320,Ruben,Edess,1991-05-15,Bird
322-92-4462,Staffard,Boys,1960-08-24,Bird
220-08-1684,Dick,Raoux,2004-07-31,Bird
596-73-4813,Roma,Claringbold,1985-04-17,Hamster
727-70-5558,Gay,Dene,1996-11-19,Ferret
305-54-9751,Lilllie,Risebrow,1951-09-06,Hamster
762-05-2997,Gordan,Brosch,1945-12-17,Cat
643-67-0818,Goldi,Denekamp,1992-08-02,Ferret
342-42-8077,Tonnie,Mersey,1991-03-10,Bird
836-05-4897,Vail,Saenz,1948-11-19,Dog
250-04-2440,Leeland,Alsford,1956-10-16,Cat
295-54-3714,Barclay,Stiegar,2007-02-27,Dog
386-52-0532,Kerwinn,Longworthy,1953-12-07,Cat
161-81-2591,Barrie,Nance,1948-12-10,Bird
112-16-8889,Odille,O'Heyne,1997-08-29,Dog
290-98-2039,Skip,Hopewell,2004-03-07,Dog
793-32-4176,Giavani,Bellie,1977-01-04,Cat
785-37-2493,Brook,Adie,2006-03-28,Dog
119-09-2846,Davida,Stebbins,1957-07-14,Dog
538-26-6175,Lyle,Daughtry,1972-05-16,Cat
841-73-3888,Marcy,Syncke,1987-11-27,Bird
146-59-8064,Yvon,Bainbridge,1988-03-18,Dog
767-54-4304,Charmion,Hoyland,1981-08-21,Bird
786-94-2292,Keene,Iannini,1974-08-19,Bird
331-25-8646,Cilka,Seeman,2012-10-30,Dog
481-83-6748,Sissie,Isham,1946-09-04,Hamster
752-99-4928,Philip,Peacop,1951-12-11,Hamster
548-96-1271,Faulkner,Donat,1951-04-20,Bird
832-80-1533,Jolyn,Wreight,1972-08-12,Ferret
409-78-5001,Jessi,Hamblyn,1983-01-31,Hamster
483-05-0379,Eolande,Randals,2001-08-05,Cat
713-49-6332,Delainey,Farrell,1988-07-01,Ferret
437-47-9719,Barde,Balassi,1969-09-14,Hamster
212-49-7361,Murdoch,Lackey,1999-02-17,Cat
841-50-4079,Thedrick,Goare,1964-09-08,Ferret
525-24-9941,Jennie,Whatley,1949-05-14,Cat
501-81-0949,Marillin,Guilloux,2010-05-08,Ferret
367-03-6987,Linus,Everingham,1990-06-03,Cat
500-20-3820,Errol,Picker,1988-03-07,Ferret
594-42-6909,Estrellita,Durston,1955-07-28,Cat
640-31-6324,Kermit,Otteridge,1970-05-31,Hamster
184-75-6133,Evaleen,Kepe,1989-07-06,Hamster
215-10-6391,Nissa,Benitez,2011-10-03,Bird
399-96-6392,Sully,Weitzel,2000-05-27,Cat
119-14-8332,Kristal,Gout,1970-08-01,Dog
192-84-3619,Haley,Mighele,1960-09-06,Hamster
780-07-7738,Hubey,Boltwood,1978-04-12,Bird
173-65-1883,Cati,Walch,1960-12-07,Dog
566-96-5989,Dorie,Mooring,2006-03-19,Ferret
750-83-5552,Rorie,Raffan,1999-12-28,Hamster
798-28-1662,Margaretha,Wenderoth,1967-05-02,Cat
576-94-6044,Goldi,Ruffey,1973-10-31,Ferret
196-20-9979,Kelli,Cockin,2005-05-15,Hamster
829-48-9820,Dietrich,Cluatt,1986-08-22,Dog
540-94-2868,Wallis,Whysall,2003-06-02,Dog
461-53-5105,Melissa,Camplen,2015-07-29,Ferret
883-52-2682,Shirlene,Cregan,2007-08-29,Dog
678-76-2494,Teri,McMenamie,1988-09-14,Dog
515-79-0515,Darya,Vaisey,1958-11-30,Bird
524-51-6151,Dotty,Tooby,1978-08-06,Dog
532-10-7708,Kelvin,Juste,1966-08-20,Cat
890-86-6704,Abel,Graysmark,1985-03-14,Hamster
337-82-1950,Kathie,Dungate,2007-12-07,Hamster
834-17-6278,Bree,Rushe,1974-07-17,Ferret
467-20-7804,Brinna,Tytcomb,1961-03-08,Dog
159-27-3465,Niki,Manvelle,1992-09-25,Bird
138-20-2647,Melba,Gwioneth,1979-02-09,Bird
145-74-1596,Sander,Vearncombe,1951-10-30,Hamster
448-69-4811,Magnum,Callear,1963-03-24,Bird
363-49-6508,Alma,Vasic,1982-02-23,Dog
360-32-6799,Grannie,Gapper,1953-06-13,Dog
215-70-1753,Thea,Mabbitt,1980-10-19,Bird
813-47-7803,Petronia,Ruslinge,1970-05-04,Hamster
688-32-1936,Marrissa,Rymell,2012-11-23,Dog
503-21-8832,Philippine,Scholey,1965-09-07,Hamster
505-37-5287,Henrieta,Goalby,2000-09-13,Ferret
687-83-7989,Tildie,Cater,1977-07-23,Cat
873-49-3559,Clarissa,Rosina,1949-02-20,Ferret
103-34-0330,Celie,Pyser,1993-05-09,Bird
509-27-8192,Olly,Buterton,1980-04-17,Dog
595-83-6952,Mauricio,Eckart,1961-12-29,Bird
425-61-5811,Andrew,Shipton,1985-08-24,Hamster
861-66-7379,Jayson,Mathews,1958-12-28,Bird
613-30-6288,Helaina,Longmead,1962-05-11,Dog
522-62-0902,Josias,Sandiland,1998-11-22,Dog
440-96-1237,Gertrud,Crowdson,1984-05-29,Bird
233-84-6159,Viva,Antrum,1976-04-18,Hamster
336-29-9658,Adham,Jorio,1946-08-21,Dog
545-65-7940,Pippa,Tolland,1949-06-11,Ferret
187-11-1388,Gladi,Gong,1980-08-12,Ferret
883-09-5689,Vernice,Doveston,1958-04-17,Cat
140-41-1466,Delinda,McSporon,1950-08-06,Ferret
344-49-7105,Tucker,Popov,1968-04-11,Hamster
440-40-3735,Giffy,Whitaker,1970-02-18,Dog
707-69-3071,Gilda,Urwen,1954-08-11,Bird
829-04-5669,Enrico,Harm,1976-03-21,Cat
170-43-2827,Horace,Sebring,1982-03-10,Cat
892-39-9975,Zane,Spaven,2002-12-06,Bird
516-07-0495,Harv,Python,1947-06-24,Cat
841-90-4345,Teodor,Senn,2004-12-13,Bird
115-10-3269,Amy,Drane,2013-08-02,Bird
306-56-3815,Hynda,Camosso,2002-09-11,Ferret
151-41-7164,Marcelle,Ruddiman,1949-09-11,Bird
797-70-5424,Bria,Meneghi,1960-07-06,Ferret
305-40-0176,Tuesday,Sheer,1975-08-26,Hamster
676-57-3378,Opalina,Burgen,2013-07-09,Ferret
891-18-9619,Larry,Plumbley,1976-10-27,Cat
790-05-3443,Ricky,Corneille,1995-08-15,Bird
811-44-0557,Rachele,Renvoise,1966-09-15,Hamster
637-91-6919,Sheff,Mathiasen,1959-10-17,Ferret
221-40-5776,Wendeline,Heighway,1952-02-06,Bird
679-78-3468,Katrina,MacAlpin,1966-05-01,Hamster
476-66-8696,Nanci,Gelderd,1950-08-14,Dog
287-96-6825,Jerad,Bruni,1957-09-30,Ferret
340-26-1331,Brooke,Clout,1952-09-11,Hamster
859-36-7970,Lolita,Tabourin,1949-05-08,Bird
272-63-2567,Hyatt,Beardow,1955-05-10,Dog
232-77-5263,Mellie,Tincey,1999-08-02,Bird
269-55-9031,Robinia,Gonoude,1964-10-15,Cat
326-62-9870,Nalani,Barker,1997-01-16,Hamster
547-12-5691,Dacey,Mackness,1968-02-20,Cat
716-68-5688,Irma,Calken,2002-01-01,Cat
509-66-9847,Sherline,Cremin,1956-12-14,Bird
245-45-6289,Ardelia,Passingham,1972-09-25,Hamster
801-20-6121,Codee,Bowick,1989-07-16,Bird
634-75-7003,Thor,Pudding,1995-08-24,Bird
226-02-0233,Leoline,Forge,2007-10-17,Hamster
362-68-0670,Melonie,Need,1964-05-14,Dog
532-39-9575,Cory,Youde,1963-10-21,Ferret
715-20-3063,Cathie,Boarer,1974-05-03,Bird
695-95-7444,Terrel,Osmund,1974-12-28,Cat
763-84-8602,Jonah,Handover,2015-07-30,Dog
795-90-9681,Sharline,Snyder,1979-03-17,Dog
781-47-8752,Tina,Farnon,1980-07-31,Cat
618-44-7325,Staford,Sappson,2011-12-26,Dog
724-19-6372,Meridith,Becerro,1952-06-15,Bird
404-90-4319,Barbee,Thomke,2005-07-02,Hamster
834-46-3458,Garnette,Iddiens,1982-05-01,Dog
252-48-6840,Beverlie,Bake,1975-03-29,Hamster
338-17-6356,Sancho,Riddles,1971-02-16,Dog
762-59-4852,Lenci,Mumbeson,2011-05-31,Hamster
349-70-1809,Stormi,Benedicto,1962-04-22,Cat
479-92-6952,Stefania,Lenthall,1960-10-24,Hamster
540-22-5726,Juliann,Agass,1986-04-28,Ferret
244-21-6387,Elvira,Eilhersen,1979-03-31,Hamster
696-70-5064,Garrett,Jephcott,1971-01-12,Hamster
524-85-1163,Mahmoud,Speddin,1958-04-29,Hamster
645-28-0507,Olga,Pirrey,1971-05-22,Cat
671-75-7926,Barbabra,Mountain,1999-10-23,Ferret
306-64-7264,Jerome,Sporner,1952-09-07,Ferret
203-26-1589,Ardith,Freckingham,1948-06-02,Hamster
244-18-0172,Byrle,Cradey,1996-05-23,Ferret
681-83-4459,Milka,Hadgkiss,1972-10-12,Hamster
142-17-0808,Amelita,Oakenfull,1992-09-13,Dog
231-88-9089,Melody,Standish-Brooks,1957-10-12,Ferret
145-95-4828,Darb,Turpin,1986-05-11,Dog
848-09-3997,Prisca,Growden,2004-09-11,Ferret
201-03-3292,Jareb,Eyckelbeck,1948-04-16,Bird
790-57-7920,Jan,McCathie,2009-11-30,Cat
464-29-6420,Arlan,Branca,1957-10-14,Ferret
836-84-2009,Lyn,Elsom,1977-05-11,Cat
225-97-5812,Valida,Luchetti,2007-01-24,Hamster
820-30-7958,Dave,Roome,1984-07-29,Cat
311-54-3377,Cayla,Brigshaw,1953-07-01,Bird
865-61-2601,Normie,Nuttey,1953-01-02,Ferret
237-10-0336,Patrizia,Gross,1958-06-08,Hamster
508-42-5171,Elvira,Pearmine,1959-10-16,Cat
556-84-7508,Fayth,McAloren,1984-02-11,Hamster
557-81-4307,Trish,Ayliffe,1954-08-13,Bird
444-18-9754,Carce,Schroter,1975-10-29,Bird
108-12-8633,Etheline,Van Hault,1956-03-05,Dog
605-85-3909,Clarke,Rangall,1982-01-29,Ferret
163-42-2158,Barrett,Freeth,1987-08-04,Cat
394-85-5966,Ali,Govett,1972-05-22,Ferret
747-37-5339,Richmond,Preshaw,2002-03-26,Ferret
283-79-6849,Meryl,Parfrey,1948-05-14,Bird
788-10-9923,Liv,Lorenzetti,1963-10-01,Hamster
311-20-5513,Nelle,Cheesworth,2004-06-28,Dog
799-42-4339,Ozzie,Stowte,2004-06-27,Cat
362-94-0278,Vergil,Tiuit,1979-08-02,Dog
651-74-1959,Starlin,Kamiyama,1957-08-08,Dog
646-88-0938,Orren,Warmington,1947-10-07,Cat
427-63-7335,Roscoe,Blaes,1969-10-24,Dog
417-62-8712,Yettie,Biaggi,1950-10-23,Hamster
417-32-1952,Lauritz,Troy,2008-11-04,Hamster
801-31-9335,Bald,Sparway,1974-10-24,Bird
335-56-8194,Honey,Cherryman,1968-04-26,Hamster
203-57-7734,Meir,Mouat,1972-07-14,Bird
673-56-1076,Brita,Snoddy,2004-06-14,Ferret
540-03-7828,Brit,Phythean,2010-09-19,Ferret
712-94-1420,Selle,Mauchline,1953-06-30,Dog
422-75-9955,Rochella,Cossum,1962-03-25,Dog
788-72-6473,Jacklyn,Miklem,1949-08-15,Bird
852-54-8557,Daniel,Malacrida,1954-09-21,Hamster
466-56-4232,Jewel,Tarney,1962-06-13,Hamster
672-36-5590,Pietra,Cuff,1986-08-07,Hamster
755-86-6508,Kandy,Crutchley,1968-01-21,Dog
836-56-1179,Stavros,Swendell,1964-06-03,Ferret
465-13-7997,Mickie,Vreiberg,1979-02-14,Dog
166-44-8335,Franklyn,Dorbin,1982-07-02,Cat
728-03-6484,Arlyn,Fawkes,1956-09-12,Ferret
102-69-3832,Bart,Whitmore,1982-10-07,Dog
893-67-0454,Indira,Boakes,2009-12-15,Hamster
390-98-8880,Rafa,Piddick,1995-03-04,Dog
180-42-5943,Bert,Phizackarley,1951-02-14,Dog
149-04-6996,Ula,Shilleto,1951-09-17,Ferret
486-02-1398,Barby,Caselick,2005-04-21,Dog
773-53-4618,Lewes,McPeck,1958-07-02,Hamster
159-73-2959,Llywellyn,Aldwick,1968-06-17,Bird
856-73-4674,Lotte,Faragan,1998-04-03,Cat
798-17-2157,Rik,Sudworth,1972-05-20,Hamster
476-96-5975,Dorice,Weyland,2011-06-07,Bird
790-10-0708,Maryanne,Forge,2011-08-04,Dog
821-90-4353,Dominique,Smyth,1956-11-26,Bird
732-60-1387,Worthy,Cumbridge,1966-02-21,Dog
764-54-9416,Chlo,Bentall,2007-09-09,Cat
791-42-0047,Neile,Haulkham,1952-01-14,Ferret
655-80-4430,Zaria,Olyet,2009-03-07,Ferret
190-92-1678,Jeremie,Hinz,2004-02-18,Ferret
758-52-9141,Bellina,Coventry,2007-07-19,Dog
284-01-5124,Barbara,Feldhuhn,2014-02-14,Hamster
460-36-4840,Heda,Jepensen,1964-09-20,Hamster
622-29-2289,Giorgio,Cracker,1953-05-15,Cat
116-02-2961,Philip,Gonnard,1960-03-13,Cat
286-20-8122,Troy,Becerro,1986-12-20,Ferret
163-27-9350,Sheridan,Dooly,1955-12-04,Cat
565-86-5097,Ruy,Bondar,2009-06-21,Bird
832-76-5449,Delmor,Strapp,1960-10-21,Hamster
347-90-4650,Ailene,Wallice,1981-08-01,Hamster
332-21-9297,Emera,Alenin,1955-02-08,Cat
561-03-0908,Hill,Whitelock,1973-04-02,Cat
655-56-4517,Boy,Berendsen,1985-06-06,Bird
228-46-1936,Patrizia,Jankin,2006-01-19,Hamster
591-97-8444,Peggi,Keble,1969-12-27,Ferret
886-53-6591,Reeta,Cowdray,1953-05-29,Ferret
555-25-3859,Dorian,Izzard,1985-02-11,Dog
442-06-5001,Coraline,Rolse,1987-05-14,Ferret
248-12-7450,Boot,Goldthorp,1981-03-31,Ferret
448-65-8310,Ede,O'Hoolahan,1994-02-19,Bird
257-69-7085,Charisse,Bond,1947-07-23,Dog
838-74-2155,Shaylyn,Di Gregorio,1996-05-20,Cat
412-79-7790,Quintus,Muckloe,1970-08-18,Dog
830-81-0475,Ottilie,Easbie,1993-08-05,Hamster
822-89-7408,Ignacio,Dallicott,1961-07-21,Dog
247-95-9136,Minny,O'Scandall,1966-09-03,Ferret
187-96-6223,Wade,Batham,1981-07-19,Cat
727-52-4375,Jesus,Goodchild,2001-05-09,Ferret
723-63-8946,Melva,Shaplin,1959-08-18,Cat
431-03-2391,Lonny,Sexon,2002-08-14,Cat
464-82-8953,Estel,Dunnett,1977-12-07,Bird
770-37-6546,Bryce,Stallworthy,1953-05-20,Dog
155-66-9523,Maurise,Guilliland,1998-09-02,Ferret
699-67-0029,Emmerich,Calbrathe,1964-07-29,Hamster
124-01-4449,Jonie,Stores,1966-09-30,Bird
820-71-1152,Crissy,Bulley,1948-07-28,Hamster
615-64-4339,Waiter,Pauli,2008-10-13,Ferret
183-93-8751,Wendie,Sandercock,2000-04-03,Cat
175-22-1158,Estel,Phateplace,1997-08-27,Dog
698-93-7083,Claresta,Shortell,1988-08-27,Hamster
482-38-7962,Gardener,Bosenworth,1951-03-03,Hamster
306-76-4345,Abey,Haycox,1954-03-10,Bird
519-25-9097,Alexia,Wisniowski,1972-01-19,Cat
770-61-2939,Ceciley,Nijs,1969-04-30,Cat
279-12-2063,Chryste,Durrant,1985-04-12,Hamster
157-47-5425,Karmen,Piperley,1978-09-17,Hamster
728-76-4980,Shantee,McCurtain,1985-03-28,Dog
543-86-0950,Lissa,Paxforde,1977-06-15,Bird
179-11-7300,Gabbey,Ballintyne,1984-10-14,Ferret
445-73-3186,Darsey,Dregan,2001-03-30,Bird
324-53-8171,Arch,Severy,1981-04-08,Ferret
592-36-3008,Jewelle,Zavittieri,1956-07-09,Hamster
406-17-5568,Benji,Mucklestone,1993-11-23,Hamster
866-43-8215,Catlee,Elvy,2005-11-01,Dog
309-57-5124,Fitzgerald,Ridsdole,2006-04-29,Cat
586-49-8077,Lorain,Spofford,2015-06-14,Bird
184-74-9854,Brandea,Sirman,1961-06-30,Hamster
809-27-1851,Barrie,Reyson,2008-06-01,Dog
723-29-0281,Flossy,Shackell,1970-08-19,Cat
187-95-7619,Otes,Bryden,1980-01-11,Dog
172-59-0878,Fredi,Alywin,1958-02-07,Bird
355-06-5574,Goldina,Pinkie,1994-01-21,Ferret
652-57-3333,Yolanthe,Fane,1960-01-27,Cat
414-31-0340,Kelley,Endle,1999-04-06,Ferret
561-17-4213,Camila,Gillatt,1960-01-13,Hamster
245-08-6224,Loree,Kemmish,1957-03-13,Hamster
397-43-7899,Glynnis,Tailby,1967-11-23,Ferret
759-19-7915,Nancie,Hambrook,1947-09-28,Bird
744-13-7782,Sile,Bartels-Ellis,1965-12-03,Hamster
412-91-7602,Brinna,Thewless,1947-10-05,Bird
711-96-4805,Gaston,Bartlomiejczyk,1953-06-25,Dog
698-44-6493,Theadora,Morat,2001-04-20,Bird
390-44-5701,Markos,Cherry Holme,1978-08-29,Cat
888-98-0666,Carolynn,Milbourn,1971-07-21,Ferret
113-43-0931,Sasha,Olenichev,1988-07-17,Dog
450-97-5837,Austin,Montel,1958-03-29,Hamster
233-20-4657,Griff,Whittingham,1969-01-16,Ferret
806-17-1102,Obadias,Mallon,1979-06-17,Cat
681-40-5270,Lesya,Treeby,1994-06-07,Dog
704-92-0940,Linoel,Draysey,2000-01-21,Cat
771-87-8709,Corrine,Shapera,1969-05-11,Hamster
188-31-0288,Malanie,Schroter,2003-09-30,Dog
602-06-4340,Ernie,O'Grogane,2012-01-09,Ferret
219-54-6896,Todd,Visick,2001-07-23,Hamster
680-59-0848,Kylila,Kalinsky,1965-10-10,Bird
340-42-2698,Vlad,Rosoni,1960-11-12,Ferret
587-18-2123,Gayla,Blankhorn,1957-02-22,Dog
619-41-8655,Ede,Ellerton,2006-03-09,Cat
731-78-1500,Tonya,Peal,2001-01-01,Ferret
541-56-0435,Emlynne,Klas,2001-10-11,Cat
608-29-9087,Seward,Pollard,2005-02-18,Ferret
604-67-2038,Gwynne,Zaczek,1970-03-16,Hamster
499-15-2494,Enoch,Harriss,1960-08-24,Dog
480-97-2942,Ricardo,Coppenhall,2002-12-04,Hamster
411-53-4434,Mabelle,Portman,1995-05-25,Dog
522-40-7618,Decca,Gritsaev,1956-02-25,Dog
114-84-2550,Hildagard,Geldard,2014-03-27,Cat
576-65-9426,Davine,Mateus,1948-05-10,Bird
231-52-4590,Enriqueta,Limerick,1971-04-10,Ferret
754-40-2710,Alida,Marshallsay,1999-08-30,Hamster
372-28-3544,Kacie,Collar,1997-04-22,Cat
584-88-1761,Kyla,Klaffs,1963-03-12,Ferret
708-55-3339,Fidole,Geck,1959-10-25,Bird
555-35-6612,Rodolphe,Ash,1960-10-18,Bird
101-71-8416,Jeremiah,Friday,2012-12-29,Cat
450-99-9456,Woodrow,Dyball,1994-07-13,Cat
822-72-9903,Josephina,Gideon,1947-01-30,Dog
671-54-1766,Ines,Furber,1960-02-11,Ferret
542-19-7337,Constancy,Gettings,1952-06-04,Bird
189-19-9265,Orel,Jesteco,1952-11-12,Bird
695-46-6867,Yolane,Lackemann,1957-03-24,Hamster
682-60-6787,Rayner,Cusick,1953-10-25,Cat
802-28-8068,Hashim,Cornwall,1949-10-15,Cat
286-84-1500,Frants,Crilly,1971-03-04,Hamster
653-13-8471,Georgeanna,Gascoyen,1961-09-14,Dog
222-07-4016,Maurise,Puncher,1966-07-09,Hamster
117-11-6981,Issi,Jouhandeau,1969-03-16,Bird
139-47-2226,Beatrix,Spreadbury,2011-10-04,Dog
830-23-0825,Weylin,Brame,1976-06-22,Bird
488-27-2292,Abey,Bock,1965-07-30,Dog
653-34-3488,Rosella,Willbraham,1951-01-12,Cat
792-02-3820,Benyamin,Butchers,1981-11-29,Bird
698-60-7426,Bone,Haresign,1984-06-15,Dog
110-05-0180,Alice,Gegg,1996-04-17,Hamster
328-82-2023,Darice,Brayne,1983-04-17,Hamster
572-90-8243,Morse,Jessett,1974-08-17,Ferret
405-86-7051,Jennica,Frisch,1961-11-26,Ferret
820-61-4080,Belvia,Connechie,1973-03-28,Cat
110-17-3710,Kean,Rigglesford,1964-08-10,Cat
260-55-0684,Tiebout,Edmonson,1958-11-13,Cat
613-06-5685,Bird,Guinery,2013-07-25,Bird
206-10-3393,Jobye,Gilcriest,1975-05-13,Bird
507-19-0960,Fredia,Lages,2000-02-25,Cat
186-57-5849,Prentice,Denley,2011-05-26,Hamster
148-62-6791,Amabel,Puig,1960-03-24,Hamster
345-67-5132,Perkin,Ziebart,1971-10-13,Ferret
467-48-6032,Sarina,Brognot,1947-03-17,Bird
742-22-3902,Laurette,Denisevich,1990-10-02,Cat
134-82-3955,Jacinthe,Wadworth,1976-06-12,Hamster
441-63-4258,Gar,Fuente,2006-08-02,Ferret
572-87-4541,Julieta,Bedboro,1976-06-12,Dog
294-56-0115,Brandtr,Pebworth,1993-11-27,Dog
362-24-5655,Paige,O'Hagan,1968-09-16,Hamster
206-17-7073,Meghan,Bettinson,2008-06-25,Hamster
285-50-5051,Torry,Pauel,1961-09-10,Bird
325-28-8318,Torry,Karpmann,2011-09-29,Hamster
810-28-2510,Lyon,Pentecost,2012-07-04,Hamster
538-50-1618,Loutitia,Brahms,1988-05-17,Bird
613-87-3556,Danyette,McElvogue,2010-02-05,Cat
428-15-1233,Janis,Chipman,1963-06-13,Ferret
192-29-9107,Ignaz,McBratney,1950-12-07,Cat
679-38-4485,Talia,Woollam,1947-11-15,Dog
594-77-5271,Sidonia,Blees,1988-05-28,Hamster
841-63-4429,Norene,Shuker,1983-07-08,Bird
762-85-3677,Arleyne,Shemwell,1980-11-29,Dog
145-90-0444,Christy,Gregori,1946-02-20,Cat
587-20-2117,Carolus,Holbury,1979-02-11,Bird
562-90-8807,Erasmus,Doddridge,1977-10-10,Cat
575-12-2981,Clemmie,Mulvin,1946-07-09,Hamster
138-80-7359,Sharline,Timny,1988-09-04,Ferret
296-18-3633,Kayle,Gilbane,1958-11-02,Hamster
575-71-4036,Cam,Pagram,1972-11-09,Dog
881-51-4061,Osbert,Grassot,2005-03-23,Cat
852-84-5625,Leif,Acuna,1957-11-24,Ferret
853-12-2560,Mahala,Campagne,1988-06-29,Cat
515-58-9991,Olive,Scase,1968-02-04,Cat
667-02-4396,Welby,Imort,2009-04-27,Bird
863-23-5941,Felicia,Argabrite,1980-06-28,Ferret
736-38-1316,Odo,True,1988-01-17,Bird
867-29-3530,Monti,Farrears,1997-03-06,Cat
768-79-1494,Arney,McKendry,1996-08-19,Hamster
364-22-1442,Skip,Allot,1968-02-03,Bird
217-83-4865,Kaleena,Brockbank,1950-02-16,Cat
749-54-7850,Nanni,Antonin,1978-08-07,Dog
642-88-1121,Rainer,Mapes,1951-03-20,Cat
807-14-9602,Armand,Paynter,1997-10-24,Ferret
831-05-5597,Todd,Pandya,1984-05-06,Ferret
515-63-1788,Merilyn,Drover,1987-04-28,Dog
459-88-8299,Aloysia,Skingley,1991-08-02,Ferret
879-09-1953,Allyson,Silley,1995-01-05,Bird
599-37-6544,Randall,Rottgers,1988-05-28,Cat
710-86-1749,Sharon,Jarnell,1981-01-15,Bird
711-68-0775,Francklin,Douthwaite,1974-09-21,Dog
690-16-3041,Agnese,Burrow,2000-10-04,Cat
611-62-0612,Ethel,Creedland,1954-09-24,Ferret
200-50-2386,Janella,Berriball,1975-07-07,Ferret
858-05-4081,Garey,Baxandall,2002-02-26,Hamster
103-20-3872,Fanchon,Everingham,1951-03-17,Bird
760-59-9000,Bonny,Jagielski,2002-08-30,Ferret
286-07-3409,Renato,Eakeley,1971-04-23,Hamster
697-68-4668,Lita,Falcus,2010-12-02,Hamster
791-95-5967,Laureen,Spensley,1958-11-27,Bird
528-76-6731,Kayle,Creedland,1955-02-01,Ferret
284-12-0014,Malissa,Spyer,1993-07-29,Cat
849-58-2332,Aggy,Marielle,1998-12-23,Bird
150-85-8039,Cassaundra,Alflat,2006-04-19,Bird
161-85-8123,Georgette,Lackham,1981-01-24,Dog
350-06-0812,Cole,Curness,1969-07-29,Cat
325-20-7332,Neile,Ronnay,1965-04-11,Hamster
865-27-3417,Sinclair,Butte,1946-08-20,Dog
434-13-3338,Marilin,Lonsdale,1989-08-21,Bird
267-24-8474,Susanna,Orfeur,1980-08-06,Dog
223-53-1277,Beaufort,Welfair,1978-12-18,Cat
754-47-7459,Huntington,Corcoran,2006-08-25,Ferret
532-16-5371,Josefa,Kitteridge,1990-01-08,Bird
710-72-0701,Damita,Dashwood,1958-09-25,Cat
222-59-3015,Dex,Cozby,2000-07-09,Bird
412-29-7683,Elsy,Dahlman,2006-05-03,Bird
821-68-3661,Ofelia,Harbisher,1980-01-22,Dog
448-61-0866,Val,Bardill,1985-04-15,Bird
175-15-0139,Vevay,Drayson,1960-05-21,Hamster
144-66-4349,Christoforo,McAvaddy,1982-08-30,Hamster
473-97-3798,Simona,Derle,1952-10-06,Bird
623-37-6175,Byrle,Merner,1990-03-02,Ferret
729-12-3464,Merrill,Breznovic,2012-04-05,Bird
251-31-0006,Beau,Stow,1994-08-25,Ferret
750-69-2485,Raymund,Keal,1967-03-10,Bird
776-45-4738,Odelia,Shinton,1948-05-10,Hamster
702-81-1836,Gisella,Arnoldi,1945-12-14,Cat
