1;Tallulah;Yter;11/28/1990;Hamster
2;Rex;Ferrillio;10/29/1977;Hamster
3;Moria;Leggin;3/31/1953;Ferret
4;Halie;Cauderlie;12/11/1974;Ferret
5;La verne;Greatorex;7/21/1959;Ferret
6;Georgine;Farran;2/23/1994;Bird
7;Meggy;Findlater;10/29/2010;Ferret
8;Franklin;Estabrook;12/03/2001;Bird
9;Peyter;Adamini;5/15/1971;Bird
10;Averil;Koles;5/21/1993;Cat
11;Kirsteni;Meadmore;2/12/2011;Cat
12;Bryan;Arminger;11/06/1979;Dog
13;Betteanne;Coomer;12/20/1964;Ferret
14;Adorne;Galia;11/30/2010;Ferret
15;Berna;Tease;12/02/1988;Dog
16;Kizzee;Liggins;12/17/1958;Bird
17;Mariejeanne;Whiley;1/15/1988;Dog
18;Cara;Dubique;11/15/1968;Dog
19;Mitchael;Drain;8/07/1980;Bird
20;Winston;Sibille;6/23/1962;Hamster
21;Aeriel;McPartlin;8/10/1989;Ferret
22;Nolie;Juggins;8/03/2014;Hamster
23;Giorgio;Rhymer;1/24/2005;Hamster
24;Cobb;Funnell;10/02/1995;Ferret
25;Mallorie;Butt Gow;1/15/1961;Ferret
26;Krissy;Pascoe;4/08/1963;Ferret
27;Henryetta;Tocknell;12/24/1961;Bird
28;Xenos;Kornel;5/05/1965;Ferret
29;Vikky;Vardon;9/10/1959;Ferret
30;Emmalynne;Klehyn;3/16/2007;Cat
31;Valli;Bernolet;2/09/1964;Hamster
32;Marsiella;Gillman;11/22/2002;Cat
33;Carroll;Sworne;10/22/1981;Ferret
34;Dulciana;Kunze;3/15/2004;Ferret
35;Urbano;Winsiowiecki;12/14/1987;Bird
36;Diena;Darben;7/02/1959;Dog
37;Grier;Roake;2/01/1966;Hamster
38;Patty;Jaze;9/05/1967;Ferret
39;Dorelia;Precious;1/05/1961;Dog
40;Laird;Klimaszewski;11/10/1988;Ferret
41;Corrianne;Redborn;5/19/2011;Ferret
42;Gareth;Ibert;1/02/1982;Cat
43;Ivory;Badsey;4/03/1969;Cat
44;Maxi;Gossling;10/22/1960;Dog
45;Perren;Stowte;1/29/1975;Hamster
46;Sebastiano;Croughan;12/08/2009;Hamster
47;Susanna;Bevington;8/19/2015;Dog
48;Jacquelyn;Overell;1/21/1975;Cat
49;Ashby;Critchlow;11/10/2012;Bird
50;Kassey;Gilardengo;9/10/2007;Bird
51;Florian;Lehrmann;3/07/1948;Cat
52;Hadley;Lorkins;6/20/2004;Bird
53;Roseline;Jatczak;10/07/1994;Cat
54;Roana;Bridgwood;5/11/1971;Ferret
55;Buddy;Alkins;11/29/2013;Dog
56;Nealson;Haseley;6/02/1956;Hamster
57;Hephzibah;Sackes;11/08/1946;Dog
58;Sandi;Worsnop;11/06/1960;Dog
59;Morgan;Dimitresco;9/22/1986;Cat
60;Yurik;Heugle;6/14/1985;Bird
61;Malory;Fell;3/29/1947;Hamster
62;Amelia;Losbie;6/11/1948;Dog
63;Daria;Holah;4/26/1953;Dog
64;Barbi;Calcott;6/27/1978;Hamster
65;Jorry;Stode;8/31/1992;Ferret
66;Sergent;Laycock;5/17/1995;Cat
67;Arlen;Witheridge;4/27/2005;Bird
68;Teddy;McKinney;7/10/1968;Ferret
69;Anet;Rainey;12/17/2010;Ferret
70;Elana;Hurndall;10/24/1971;Cat
71;Madel;Panchen;4/07/1974;Hamster
72;Cindy;Sheehan;9/06/1957;Cat
73;Hadleigh;Riseam;9/26/1954;Bird
74;Hieronymus;Mutlow;1/15/2002;Bird
75;Caryl;Fairpool;2/17/1996;Bird
76;Merrel;Petticrow;5/29/1998;Bird
77;Tabbitha;Bellinger;4/02/1972;Dog
78;Eulalie;Cattini;5/08/2014;Dog
79;Elfrida;Spincke;12/27/1982;Cat
80;Daile;Osgar;9/19/1997;Hamster
81;Ward;Dulen;7/27/1951;Bird
82;Fraser;Padberry;5/12/1994;Bird
83;Gerry;Mandres;6/25/2004;Ferret
84;Deane;Wignall;4/30/1979;Cat
85;Alys;Wooder;8/08/1964;Ferret
86;Stefa;Lidgey;11/15/1972;Bird
87;Llywellyn;Riba;7/15/2005;Hamster
88;Ambrose;Abramamovh;10/15/1972;Hamster
89;Ennis;Tackett;8/22/1965;Bird
90;Reg;Dallaghan;9/13/1993;Bird
91;Shea;Battye;11/04/1969;Bird
92;Grantham;McComiskie;5/03/1974;Hamster
93;Dallas;Finnie;3/14/1982;Bird
94;Carey;Itzakovitz;1/31/1950;Cat
95;Heida;Wailes;3/20/2012;Ferret
96;Barrett;Allam;5/11/1987;Dog
97;Janeva;Slatford;10/03/1982;Dog
98;Sabina;Rowesby;1/01/2012;Ferret
99;Lettie;Brasseur;6/14/1977;Bird
100;Hermie;Leishman;9/07/1990;Ferret
101;Marya;Targetter;1/26/1967;Cat
102;Min;Bart;7/07/1969;Cat
103;Kandy;Westbury;1/11/2004;Bird
104;Beauregard;Waliszewski;2/10/2012;Bird
105;Viole;Feben;2/24/1958;Cat
106;Adrienne;Geator;10/11/1962;Cat
107;Tandy;Chopin;12/24/1964;Ferret
108;Carmen;Haddleston;12/31/1965;Bird
109;Meyer;Cullin;3/24/1961;Cat
110;Honor;Lionel;5/29/1950;Cat
111;Ivor;Pitchers;1/18/1977;Bird
112;Georas;Pfeifer;1/10/2003;Dog
113;Robinetta;Humphrys;11/11/2013;Ferret
114;Godfrey;Gately;9/04/1964;Bird
115;Leigh;Cherry;3/05/1998;Ferret
116;Fanchette;Ledington;7/29/1997;Dog
117;Saundra;McGuire;7/19/1957;Cat
118;Jaimie;Wiburn;10/17/2000;Hamster
119;Trenna;Jevon;8/02/1995;Cat
120;Elise;Stiggers;12/09/1997;Hamster
121;Yvon;Pervew;8/16/1968;Hamster
122;Alisun;Jedrzaszkiewicz;9/10/1961;Bird
123;Fax;Davidou;11/12/1945;Bird
124;Sherman;Northfield;2/04/1976;Ferret
125;Pepi;Cleall;3/27/1952;Ferret
126;Leigh;Somerton;12/29/1982;Dog
127;Krishnah;Didball;2/28/1992;Hamster
128;Nolan;Erridge;1/21/1968;Hamster
129;Ronnie;Gathwaite;4/21/1961;Cat
130;Gris;Swaden;1/17/1995;Bird
131;Corry;Phalp;3/02/2014;Dog
132;Amy;Delacoste;2/13/1962;Dog
133;Jeffy;Baumert;1/28/1954;Bird
134;Susi;Ilyuchyov;7/19/1982;Ferret
135;Morton;Welldrake;8/23/1978;Ferret
136;Jocelyne;Nutton;2/10/1957;Ferret
137;Chloette;Wheelwright;12/25/1945;Hamster
138;Roarke;Gallehock;1/11/2015;Cat
139;Ettore;Dovey;9/27/1973;Hamster
140;Tiphani;Roskilly;1/28/1962;Bird
141;Hermina;Cootes;7/07/1966;Dog
142;Rinaldo;Danko;6/25/2009;Bird
143;Murielle;Perree;4/11/1969;Hamster
144;Christal;Whittock;7/28/1993;Hamster
145;Lanny;Widdowes;8/18/1981;Hamster
146;Arlyn;Gair;9/17/2014;Cat
147;Annaliese;Dike;5/10/1988;Ferret
148;Debor;Patel;11/29/1957;Bird
149;Trix;Morrant;4/28/2002;Hamster
150;Loleta;Hayter;7/15/1976;Dog
151;Berty;Izak;5/08/1956;Hamster
152;Christie;Pinor;12/28/1948;Cat
153;Lonna;Grunnell;2/23/2001;Cat
154;Immanuel;Dollen;1/20/1954;Hamster
155;Haywood;Glisane;12/22/1978;Cat
156;Jaymee;Fulcher;4/15/1970;Hamster
157;Mario;Burlay;11/25/1978;Hamster
158;Felic;Hazley;8/21/1965;Hamster
159;Andra;Mechi;3/25/1974;Ferret
160;Claudius;Romney;1/05/1989;Dog
161;Pavla;Scranny;11/22/1997;Bird
162;Martguerita;Fetherstone;6/10/1955;Dog
163;Danna;Antley;10/17/1951;Cat
164;Jayme;Hatrick;12/18/2010;Ferret
165;Munroe;Hoston;10/05/1980;Dog
166;Jemmie;Kiddle;5/20/1980;Ferret
167;Lura;Blick;3/24/1969;Cat
168;Cart;Mullinder;5/01/1946;Ferret
169;Shellie;Hucker;10/23/1993;Hamster
170;De;Juzek;5/25/1978;Ferret
171;Gearard;Anwyl;4/24/1977;Bird
172;Leah;Mortel;11/18/1982;Cat
173;Britta;Bravington;3/27/1977;Cat
174;Trina;Shellard;10/24/1962;Hamster
175;Chane;Kemitt;2/16/2014;Hamster
176;Kameko;Tembey;9/26/2003;Ferret
177;Augusta;Clementi;5/08/2012;Dog
178;Emmalyn;Rentenbeck;7/10/1951;Bird
179;Nata;Tolemache;5/04/1988;Ferret
180;Lyell;Currer;2/27/2000;Dog
181;Brit;Gildersleaves;3/28/1971;Ferret
182;Risa;Gonzalvo;4/21/1947;Bird
183;Thorstein;MacWhirter;11/07/2014;Hamster
184;Ber;Thormann;10/22/1971;Ferret
185;Alecia;Conrart;12/21/2010;Dog
186;Nathaniel;Blampy;8/12/1967;Bird
187;Adan;Brower;11/03/1988;Hamster
188;Wolfie;Ricciardi;1/06/2004;Dog
189;Munroe;Kalinsky;7/07/1963;Dog
190;Quinlan;Jervoise;3/26/1950;Bird
191;Cullie;Sauvain;9/01/2000;Cat
192;Kimberley;Bansal;5/17/2000;Bird
193;Duncan;Skingle;5/06/1947;Cat
194;Ray;Grubbe;8/09/2008;Bird
195;Jorgan;Antonio;3/25/1989;Bird
196;Evanne;Lempertz;5/22/1970;Bird
197;Delphinia;Hamor;2/18/1953;Dog
198;Constantine;de la Valette Parisot;4/19/1966;Cat
199;Con;Bacher;10/31/1979;Ferret
200;Arni;Featley;11/15/2009;Cat
201;Brew;Lismer;3/23/2013;Hamster
202;Mylo;Cleevely;1/12/2006;Hamster
203;Nana;Philpin;5/23/1989;Cat
204;Filmer;Canham;11/01/1962;Bird
205;Ruthann;Frean;5/07/2010;Ferret
206;Marylinda;Shellcross;5/09/2014;Ferret
207;Prisca;Garza;5/01/2006;Ferret
208;Deonne;Pinxton;4/13/1977;Bird
209;Sherline;Greenhowe;10/30/1952;Ferret
210;Grayce;Whoolehan;4/15/1982;Hamster
211;Kimmy;Broadnicke;9/05/1969;Bird
212;Horacio;Freeborn;6/27/2000;Hamster
213;Prescott;Sapson;8/02/1957;Cat
214;Edwin;Sleeny;6/25/1982;Dog
215;Ryann;Burnall;6/12/1971;Cat
216;Torie;Scallon;10/16/1969;Hamster
217;Blinny;Swiffan;12/25/1993;Bird
218;Leila;Dowsett;3/05/1953;Dog
219;Bayard;Carles;9/29/2012;Ferret
220;Casandra;Bisiker;11/23/1955;Bird
221;Nester;Gratland;12/21/1984;Bird
222;De;Godridge;3/11/1953;Bird
223;Dominik;McClune;10/29/1984;Ferret
224;Daron;Uppett;7/15/1999;Cat
225;Leah;Antrim;6/24/1991;Ferret
226;Tanhya;Theurer;1/23/1967;Dog
227;Archy;Sprott;10/27/2009;Ferret
228;Husain;Birdall;1/22/2004;Hamster
229;Odelia;Ind;5/05/1966;Cat
230;Evangelin;Tarborn;11/18/1966;Cat
231;Raul;Chasemore;6/25/2011;Dog
232;Marcelle;Gallihaulk;6/19/2009;Bird
233;Melly;Granham;12/11/1969;Hamster
234;Shaylah;Braden;8/28/1948;Dog
235;Gottfried;Raraty;3/26/2009;Hamster
236;Martainn;Summersett;8/11/2000;Hamster
237;Marin;Karmel;3/23/1972;Dog
238;Alastair;Cariss;1/08/1970;Ferret
239;Kareem;Chaman;11/12/1967;Bird
240;Kaylee;Attrey;1/06/1948;Cat
241;Bary;Mardall;6/19/2000;Hamster
242;Lira;Raddon;12/06/1985;Ferret
243;Elliot;Lyddiard;5/07/1953;Ferret
244;Katleen;Giovannetti;5/30/1996;Hamster
245;Toddy;Dermott;9/29/2005;Cat
246;Federica;Leppard;6/21/1998;Cat
247;Anya;Whiskin;6/06/2014;Ferret
248;Addi;Matveyev;9/25/1951;Bird
249;Currey;Zelake;5/25/1949;Hamster
250;Selina;Stowell;2/12/2011;Cat
251;Dyann;Dowbekin;6/16/1999;Bird
252;Melba;Frankis;10/20/1974;Cat
253;Joyan;Tremmil;5/24/2013;Dog
254;Rasia;Edds;5/21/1974;Ferret
255;Hubie;Joint;5/01/2008;Cat
256;Riki;Milam;11/14/1960;Hamster
257;Lebbie;Nicklin;5/17/1990;Ferret
258;Mandi;Roarty;9/23/1993;Bird
259;Kalil;Gronaver;3/08/1966;Dog
260;Arnoldo;Roelofsen;2/10/1986;Ferret
261;Freddie;Janous;3/16/1958;Bird
262;Reina;Christon;3/29/1947;Cat
263;Stinky;Piccop;9/06/1996;Bird
264;Shellysheldon;Geistmann;6/03/1978;Bird
265;Petrina;MacTrustie;8/01/2013;Bird
266;Pauli;Hurcombe;6/14/2010;Bird
267;Tracie;Scutchings;3/06/1952;Ferret
268;Demott;Bingham;5/09/1950;Hamster
269;Shannon;Murrthum;7/24/1982;Bird
270;Patrizius;Edlin;11/15/1962;Hamster
271;Ezekiel;Napper;1/25/1957;Ferret
272;Pail;Pennrington;2/10/1962;Ferret
273;Lily;Guswell;2/20/1947;Cat
274;Issy;Mervyn;6/13/1985;Bird
275;Holmes;Courtier;6/27/1946;Bird
276;Wakefield;Attow;7/04/1965;Cat
277;Saxon;Frowen;9/08/2004;Dog
278;Kata;Braikenridge;12/02/1973;Ferret
279;Terri;Langfield;2/26/1951;Dog
280;Cassie;Petersen;11/14/1958;Ferret
281;Dael;Driffield;2/28/1980;Hamster
282;Ebonee;Confait;11/08/1946;Bird
283;Francisca;Badini;8/27/1986;Dog
284;Ranique;Glenton;5/17/1984;Hamster
285;Harland;O'Moylane;8/05/1982;Cat
286;Paul;See;1/24/1979;Ferret
287;Pierson;Fetters;3/07/2012;Cat
288;Susie;Robard;8/27/1989;Cat
289;Brigham;Boulstridge;3/27/2008;Hamster
290;Isabella;Tillman;9/28/1949;Ferret
291;Jewel;Ickovicz;3/10/2007;Bird
292;Oralie;Hinsch;6/19/2006;Bird
293;Isak;Bolus;4/28/2007;Bird
294;Carlin;Martygin;12/28/1955;Dog
295;Amabelle;Bernocchi;9/05/1984;Ferret
296;Bernelle;Hargie;2/05/1972;Dog
297;Adoree;Thornewell;5/10/1947;Cat
298;Babette;Dorricott;1/04/1984;Hamster
299;Laurie;Hallmark;1/14/1998;Ferret
300;Doy;Meiklejohn;12/09/1963;Hamster
301;Saundra;Badger;7/19/1960;Cat
302;Romona;Pikett;7/31/1966;Dog
303;Paulo;Allewell;3/26/2005;Cat
304;Hildegarde;Gonsalvez;9/14/1958;Ferret
305;Hetty;Castellone;4/21/2012;Dog
306;Celestyn;Rude;11/20/1955;Bird
307;Halsy;Readings;9/08/1980;Cat
308;Hillier;Poore;5/16/2009;Dog
309;Carlo;O'Dennehy;6/25/2004;Ferret
310;Agace;Gallichan;10/15/1956;Hamster
311;Glad;Carbert;5/19/1968;Hamster
312;Reynold;Shillinglaw;3/16/1983;Ferret
313;Ronnica;Kintish;9/09/2000;Cat
314;Allen;Filyushkin;11/14/2009;Dog
315;Katharine;Onions;6/30/1979;Cat
316;Claire;Aaron;2/20/1971;Cat
317;Buffy;Campelli;10/27/1998;Hamster
318;Sydel;Aggus;1/17/2002;Ferret
319;Redd;Vanne;5/23/1948;Ferret
320;Ring;Da Costa;5/04/1995;Cat
321;Arlie;Knowller;2/02/1971;Cat
322;Thomasin;Macklin;12/08/1963;Cat
323;Franky;Kierans;12/03/1994;Hamster
324;Irving;Bohan;2/12/2003;Cat
325;Abbey;Laurand;1/14/1958;Dog
326;Kerstin;Siburn;10/29/1988;Hamster
327;Ronica;Thirsk;8/13/1988;Bird
328;Karim;Hoys;10/11/1988;Hamster
329;Lemmy;Creber;9/05/1997;Bird
330;Roze;Pyzer;10/11/1954;Ferret
331;Estrella;Tice;12/17/1979;Bird
332;Cherye;Curreen;7/04/2004;Hamster
333;Rodina;Yielding;12/28/1998;Cat
334;Dan;Kloster;4/01/1969;Bird
335;Jorrie;Mattedi;11/27/1956;Bird
336;Ranique;Whitmore;4/09/1983;Hamster
337;Benedikta;Avrahamof;4/15/1962;Bird
338;Jennette;Van der Linde;12/01/1973;Ferret
339;Saundra;MacAlaster;4/29/1953;Ferret
340;Catlee;Beig;3/28/1989;Ferret
341;Hana;Digle;6/13/1971;Bird
342;Wilma;Vodden;8/31/2015;Hamster
343;Thorn;Jurkiewicz;8/23/1990;Dog
344;Tracey;Bleas;4/07/1961;Hamster
345;Ida;Mulroy;3/11/1960;Bird
346;Rudolph;McTrustam;1/29/1986;Hamster
347;Darcie;Gemson;10/06/1992;Hamster
348;Rosanna;Dripp;6/19/1965;Hamster
349;Aeriell;Grinsdale;2/26/1975;Bird
350;Nelli;Abthorpe;5/16/1963;Bird
351;Paola;Breewood;6/30/1952;Ferret
352;Kendal;Streatfield;7/14/1954;Dog
353;Lucille;Wollrauch;9/10/1950;Ferret
354;Mabelle;Heinzel;10/15/1981;Hamster
355;Sheppard;Ronca;7/04/1973;Bird
356;Egbert;Attarge;2/28/1974;Ferret
357;Dona;Ozelton;7/17/1950;Bird
358;Mirelle;Bartak;11/11/2009;Dog
359;Angus;Arkle;11/07/2003;Ferret
360;Oralee;Wilshin;6/29/1982;Cat
361;Mandy;Skinley;8/21/1977;Dog
362;Leigh;Hoffner;5/18/1998;Dog
363;Cris;Medgwick;9/03/2013;Bird
364;Tris;Dovinson;11/14/1974;Bird
365;Barry;McGahern;8/09/1968;Hamster
366;Clemente;Bantham;11/16/1986;Dog
367;Myca;Claige;5/18/1949;Ferret
368;Clarinda;Casper;9/21/1970;Cat
369;Larina;Darbyshire;11/03/1997;Hamster
370;Shirl;Clemmey;2/23/1947;Cat
371;Ron;Sturgeon;10/29/1979;Bird
372;Lorne;Dorward;12/24/1990;Cat
373;Tedda;Bleas;11/28/1980;Ferret
374;Nada;Gozzett;2/22/1985;Dog
375;Erika;Spittall;6/05/1956;Bird
376;Tomas;Giraudeau;11/02/2013;Dog
377;Merridie;Meneyer;10/27/1956;Hamster
378;Andie;Rozsa;5/21/1975;Ferret
379;Saunder;Staynes;5/25/1955;Cat
380;Carmella;Hammor;9/10/1981;Ferret
381;Benedikta;Kilpin;4/12/2009;Hamster
382;Sanders;Blackbourn;9/26/1948;Cat
383;Gilda;Pashan;9/13/1982;Dog
384;Lucila;Upjohn;6/07/1994;Cat
385;Jerrie;Leney;5/30/1968;Ferret
386;Quinn;Raiment;11/04/1995;Bird
387;Addy;Tizard;12/04/1996;Bird
388;Euell;Matiebe;6/09/1958;Hamster
389;Johannah;O'Shiels;3/25/1958;Cat
390;Oriana;Dashper;9/24/2005;Ferret
391;Leonhard;McIlrath;11/13/1993;Cat
392;Brewster;Faber;2/08/1960;Ferret
393;Constantia;Seamark;3/19/2006;Bird
394;Latia;Helsdon;5/23/1952;Cat
395;Susana;Greggs;4/06/1961;Cat
396;Gerhardine;Ponsford;11/05/1981;Ferret
397;Joly;Glasser;3/03/1970;Dog
398;Chiquita;Sapseed;2/27/1960;Cat
399;Erica;Mobley;6/29/1957;Ferret
400;Melva;Bank;11/08/2013;Hamster
401;Kathryne;Vedeniktov;7/30/1998;Hamster
402;Jelene;Clarkin;1/17/2015;Ferret
403;Anson;Buncom;4/28/1970;Cat
404;Bartlet;Hucke;4/03/2002;Bird
405;Armando;Dickings;10/22/1951;Hamster
406;Rudyard;Benettelli;11/21/1953;Ferret
407;Althea;Collum;8/27/1951;Dog
408;Jolie;Queenborough;9/05/1990;Dog
409;Lorelle;Szymoni;9/01/1971;Cat
410;Celina;Everingham;11/11/1971;Dog
411;Gerda;Wisniowski;10/27/1997;Cat
412;Addie;Foldes;10/12/1989;Hamster
413;Robina;Trimming;6/19/1963;Cat
414;Alissa;Jakucewicz;10/25/1990;Cat
415;Kinna;Cran;12/08/1973;Ferret
416;Danella;Thomkins;5/23/1997;Ferret
417;Tobye;Amdohr;7/29/1955;Hamster
418;Pearce;Turton;2/13/1955;Dog
419;Giselbert;Pecha;9/07/1971;Cat
420;Kirsti;Toppin;11/11/1984;Cat
421;Savina;Boice;6/06/1980;Ferret
422;Kylie;Fice;5/03/1958;Ferret
423;Mandel;Jelk;1/12/1980;Hamster
424;Evin;Jurick;2/05/2015;Dog
425;Maryanna;Scheffler;3/20/1972;Cat
426;Corbet;Muge;6/04/1967;Dog
427;Ephrem;Malenoir;2/17/1983;Dog
428;Jodee;Harm;1/03/1956;Dog
429;Debra;Mabon;1/11/1973;Ferret
430;Myrwyn;Klosterman;4/06/1980;Cat
431;Fania;Studde;1/29/2002;Dog
432;Duncan;Easseby;9/19/1985;Bird
433;Magdaia;Kerans;5/27/1991;Cat
434;Micheal;Erdis;8/28/1975;Ferret
435;Brady;Greensitt;8/15/1995;Dog
436;Nanine;Smitherman;10/22/1968;Cat
437;Codee;Fearns;1/02/2015;Ferret
438;Rhonda;Troth;7/08/1966;Ferret
439;Florella;Jose;4/28/1967;Ferret
440;Perice;Raulston;8/06/1984;Ferret
441;Mollee;Yoell;11/26/1990;Cat
442;Winny;Shoveller;3/29/2007;Cat
443;Albina;Reader;1/11/1983;Hamster
444;Gram;McClure;9/10/1979;Hamster
445;Guillemette;Torrijos;7/12/1986;Bird
446;Kermit;O'Longain;3/28/1953;Hamster
447;Cassaundra;Tomes;10/10/1990;Ferret
448;Brok;Drogan;6/16/1956;Cat
449;Melonie;McNeely;3/01/1967;Cat
450;Dane;Ness;9/27/1952;Bird
451;Lizbeth;Scully;1/07/1974;Dog
452;Teodor;Cromett;2/27/1983;Dog
453;Cooper;Slowcock;11/20/1959;Hamster
454;Laraine;Trank;8/08/1961;Bird
455;Demott;Over;4/14/1958;Ferret
456;Emilie;Swafield;9/20/1983;Bird
457;Cordy;Shewan;12/22/1970;Hamster
458;Cos;Poinsett;4/12/1991;Ferret
459;Baxie;Ewins;8/20/1955;Dog
460;Wallis;Faulkener;11/30/1991;Cat
461;Yard;Fright;12/15/2003;Hamster
462;Bunnie;Records;11/22/1956;Bird
463;Norris;Gratrix;12/08/2007;Dog
464;Woodman;Stigers;6/11/1979;Dog
465;Bartram;Miebes;8/28/1970;Dog
466;Debi;Coase;6/28/1947;Bird
467;Julina;Siemons;11/30/1996;Dog
468;Shandra;Rosenzwig;3/14/1980;Hamster
469;Abbi;McClune;2/08/2001;Cat
470;Anallese;Cudworth;6/04/2004;Cat
471;Kalil;Peplow;6/20/2006;Cat
472;Wynne;Jacobsen;8/24/2012;Ferret
473;Alikee;Smellie;11/11/1964;Hamster
474;Laurence;Pllu;5/21/1983;Bird
475;Rafael;Aldin;7/08/1949;Dog
476;Granville;McShee;6/29/1971;Dog
477;Meagan;Critchell;6/29/1987;Hamster
478;Pearce;Lunam;4/29/1968;Hamster
479;Evonne;Bolley;6/25/1964;Dog
480;Aron;O'Hogertie;1/29/1976;Dog
481;Danila;Prudence;1/18/1985;Ferret
482;Ola;Westphal;9/06/1978;Bird
483;Daffy;Pottery;12/31/1969;Bird
484;Francoise;Reily;12/04/1986;Ferret
485;Gilles;Karpets;5/10/1947;Bird
486;Dominick;Jessup;4/25/1983;Cat
487;Arther;Corradini;3/04/2003;Cat
488;Lukas;O'Hallihane;7/28/2000;Dog
489;Anna;Giacomoni;3/30/2008;Ferret
490;Mair;Jozsa;5/29/1959;Dog
491;Jo-anne;Rainy;6/26/1973;Hamster
492;Carin;Gorhardt;4/16/1962;Bird
493;Hendrik;Dowsing;3/17/1980;Cat
494;Ario;Sperring;5/20/1973;Ferret
495;Horten;Jillions;12/31/1969;Dog
496;Guido;Merriott;8/22/1989;Ferret
497;Corabella;Rallinshaw;5/02/1980;Dog
498;Guillemette;Cardoso;10/20/1947;Hamster
499;Julianne;Blinkhorn;5/25/1976;Dog
500;Ingrim;Gabe;8/19/2006;Ferret